,0\O 
0\O ,\O RT\Eng @\O LetsTalkDiana\Eng :\O The\Eng @\O DCComics\Eng booth\Eng was\Eng great\Eng .\O big\Eng thanks\Eng for\Eng all\Eng the\Eng info\Eng on\Eng DC\Eng Zoom\Eng and\Eng DC\Eng Ink\Eng !\O Cannot\Eng wait\Eng for\Eng #\O Mera\Hin=рдореЗрд░ and\Eng #\O SuperSons\Eng !тАж\O 
1\O ,#\O Aquaman\Eng :\O #\O AmberHeard\Eng Reveals\Eng Surprising\Eng Details\Eng About\Eng ┬а#\O Mera\Eng ..!\O https\Eng ://\O t\Eng .\O co\Hin=рдХреЛ /\O c2VHiYQLsn\Eng https\Eng ://\O t\Eng .\O co\Eng /\O 8oVXiw6lsQ\Eng 
2\O ,\O NOTHING\Hin=рдиреЛрддрд┐рдВрдЧ BUT\Hin=рдмреБрдд RESPECT\Hin=рд░рд┐рд╕рдкреЗрдХреНрдЯ FOR\Hin=рдлреЙрд░ MY\Hin=рдореА QUEEN\Hin=рдХреНрд╡рд┐рдЕрдиреН #\O MERA\Hin=рдореЗрд░ ЁЯМКЁЯСС\O https\Eng ://\O t\Eng .\O co\Eng /\O vjI4B5Y6N5\Eng 
3\O ,#\O HappyAnniversary\Eng #\O ArthurOfAtlantis\Eng #\O MeraOfXebel\Eng married\Eng #\O onThisDay\Hin=рдУрдВрдереАрд╕рджрд╛рдп in\Eng 1964\O тАв\O w\Eng 2011\O #\O New52\Eng reboot\Eng @\O DCComics\Eng тАж\O https\Eng ://\O t\Eng .\O co\Eng /\O R41RejzVuL\Eng 
4\O ,\O Hola\Eng Mexico\Eng ЁЯШН\EMT via\Eng #\O AmberHeard\Eng IG\Eng story\Eng ЁЯТХ\O #\O Mera\Hin=рдореЗрд░ #\O Aquaman\Eng https\Eng ://\O t\Eng .\O co\Eng /\O TBZBOeqeg1\Eng 
5\O ,\O RT\Eng @\O AmberHeardIT\Hin=рдЖрдореНрдмрд░рд┐рдпрд░реНрджрд╛рдЗрдд :\O Hola\Eng Mexico\Eng ЁЯШН\EMT via\Eng #\O AmberHeard\Eng IG\Eng story\Eng ЁЯТХ\O #\O Mera\Hin=рдореЗрд░ #\O Aquaman\Eng https\Eng ://\O t\Eng .\O co\Eng /\O TBZBOeqeg1\Eng 
6\O ,"\O Swipe\Eng тЮбя╕П\O for\Eng a\Eng monster\Eng #\O newcomicbookday\Eng haul\Eng ...\O Good\Eng lord\Eng yes\Eng ЁЯШН\EMT 

#\O NCBD\Eng #\O dccomics\Eng #\O batman\Eng #\O blacklightning\Eng #\O mera\Eng тАж\O https\Eng ://\O t\Eng .\O co\Hin=рдХреЛ /\O yPkSiypBrI\Hin=рдЖрдЗрдкреНрдХреНрд╕рд┐рдЖрдЗрдкреНрдмреНрд░реА "\O 
7\O ,\O For\Eng anyone\Eng new\Eng to\Eng #\O Aquaman\Eng I\Eng advise\Eng you\Eng to\Eng stick\Eng with\Eng the\Eng new\Eng 52.\O It\Eng is\Eng so\Eng disheartening\Eng to\Eng see\Eng what's\Eng going\Eng on\Eng in\Eng тАж\O https\Eng ://\O t\Eng .\O co\Eng /\O l0xb0sIa8a\Eng 
8\O ,ЁЯШНЁЯШН#\O mera\Hin=рдореЗрд░ first\Eng upload\Eng pik\Eng ЁЯШЙЁЯШЙ\O fellow\Eng me\Eng guys\Hin=рдЧреБрдЗ ЁЯТГЁЯТЮ\O Gud\Hin=рдЧреБрдбрд╝ nyt\Eng tweets\Eng ЁЯШНЁЯШЩтЬМ\O https\Eng ://\O t\Eng .\O co\Hin=рдХреЛ /\O gImotmXQsN\Hin=рдЧрд┐рдореЛрддреНрдореНрдХреНрд╕реНрдХрд╝реНрд╕реНM 
9\O ,"\O RT\Eng @\O BuzzComics\Eng :\O Preview\Eng de\Eng Mera\Hin=рдореЗрд░ :\O Queen\Eng of\Eng Atlantis\Eng #5\O par\Hin=рдкреНрдпрд╛рд░ Dan\Hin=рджрди Abnett\Eng (@\O vincentabnet\Eng ),\O Lan\Hin=рд▓рд╛рди Medina\Eng ,\O @\O NormRapmund\Eng et\Eng @\O VeronicaGandini\Eng chez\Eng #\O DC\Eng тАж"\O 
10\O ,"#\O Alquiler\Eng de\Eng #\O plazadegaraje\Eng en\Eng #\O Canide\Eng ,\O #\O Mera\Hin=рдореЗрд░ ,\O #\O Oleiros\Eng ,\O #\O ACoru\Eng ├▒\O a\Eng muy\Eng cerca\Eng de\Eng las\Eng playas\Eng de\Eng la\Eng zona\Eng https\Eng ://\O t\Eng .\O co\Eng /\O gyDf89hlr1\Eng "\O 
11\O ,"\O RT\Eng @\O premj77\Eng :\O #\O Aquaman\Eng is\Eng going\Eng to\Eng be\Eng fucking\Eng amazing\Eng ЁЯШШЁЯШШ\O 

#\O dc\Eng #\O dceu\Eng #\O dccomics\Eng #\O batman\Eng #\O superman\Eng #\O wonderwoman\Eng #\O wonderwoman2\Eng #\O aquaman\Eng #\O arrow\Eng тАж"\O 
12\O ,"\O Itna\Hin=рдЗрддреНрдирд╛ #\O shadeed\Eng sngl\Hin=рд╕реНMрдЧреНрд▓ hon\Hin=рд╣реЛрдВ k\Hin=рдХ 

Kabi\Hin=рдХрдмреА kabi\Hin=рдХрдмреА to\Eng #\O aisy\Hin=рдЗрд╕рд┐рдЕ e\Hin=рдП #\O mobile\Hin=рдореЛрдмрд╛рдЗрд▓реЗ ko\Hin=рдХреЛ dekh\Hin=рджреЗрдЦ k\Hin=рдХ #\O muskurany\Hin=рдореБрд╕реНрдХреБрд░рд╛рдиреА lag\Hin=рд▓рд╛рдЧ jata\Hin=рдЬрд╛рддрд╛ hon\Hin=рд╣реЛрдВ ЁЯШТЁЯШС\O 
Taa\Hin=рддрд╛ k\Hin=рдХ koi\Hin=рдХреЛрдИ #\O samjhy\Hin=рд╕рдордЭреА k\Hin=рдХ тАж\O https\Eng ://\O t\Eng .\O co\Eng /\O RaPIjxVj58\Eng "\O 
13\O ,"\O RT\Eng @\O premj77\Eng :\O #\O WW84\Eng action\Eng scenes\Eng making\Eng ЁЯШ▒ЁЯШ▒ЁЯШ▒ЁЯШ▒ЁЯШ▒ЁЯШ▒\O 

#\O dc\Eng #\O dceu\Eng #\O dccomics\Eng #\O comics\Eng #\O batman\Eng #\O superman\Eng #\O wonderwoman\Eng #\O wonderwoman2\Eng #\O aquaman\Eng #\O arrow\Eng #тАж"\O 
14\O ,"\O RT\Eng @\O premj77\Eng :\O ORM's\Eng atlantian\Eng army\Eng ЁЯШ▒ЁЯШ▒ЁЯШ▒ЁЯШ▒ЁЯШ▒ЁЯШ▒ЁЯШ▒ЁЯШ▒ЁЯШ▒ЁЯШ▒ЁЯШ▒ЁЯШ▒ЁЯШ▒ЁЯШ▒\O 

#\O dc\Eng #\O dceu\Eng #\O dccomics\Eng #\O comics\Eng #\O batman\Eng #\O superman\Eng #\O wonderwoman\Eng #\O wonderwoman2\Eng #\O aquaman\Eng #\O arrow\Eng тАж"\O 
15\O ,\O I\Eng totally\Eng agree\Eng with\Eng Abnett\Eng about\Eng #\O Mera\Eng being\Eng one\Eng of\Eng the\Eng most\Eng underrated\Eng heroes\Eng @\O DCComics\Eng !\O But\Eng I\Eng do\Eng believe\Eng that\Eng wi\Eng тАж\O https\Eng ://\O t\Eng .\O co\Eng /\O 4dBFd9GlWL\Eng 
16\O ,"\O RT\Eng @\O premj77\Eng :\O Dolph\Eng Lundgren\Eng preparing\Eng for\Eng under\Eng water\Eng scene\Eng in\Eng #\O Aquaman\Eng 

#\O dc\Eng #\O dceu\Eng #\O dccomics\Eng #\O comics\Eng #\O batman\Eng #\O superman\Eng #\O wonderwoman\Eng #\O wonde\Eng тАж"\O 
17\O ,"\O RT\Eng @\O JubyHeadshot\Eng :\O Hii\Hin=рд╣реИрдВ !ЁЯжР\O It's\Eng time\Eng to\Eng welcome\Eng a\Eng new\Eng cosplay\Eng photoset\Eng :\O Mera\Hin=рдореЗрд░ !\O ЁЯШК\EMT 
@\O oriol\Eng _\O lamiel\Eng ЁЯУ╖\O did\Eng an\Eng awesome\Eng work\Eng with\Eng this\Eng picture\Eng !\O I\Eng reall\Eng тАж"\O 
18\O ,"\O Today\Eng in\Eng #\O DCComics\Eng History\Eng ,\O the\Eng underwater\Eng wedding\Eng of\Eng the\Eng century\Eng !\O #\O Aquaman\Eng and\Eng #\O Mera\Hin=рдореЗрд░ get\Eng married\Eng .\O https\Eng ://\O t\Eng .\O co\Hin=рдХреЛ /\O adt50LmhOD\Hin=рдЕрдбреНрддреН50рд▓реНрдореНрд╣реЛрдбрд╝ "\O 
19\O ,\O RT\Eng @\O LetsTalkDiana\Eng :\O I\Eng met\Eng the\Eng amazing\Eng @\O SheaFontana\Eng at\Eng the\Eng @\O DCComics\Eng booth\Eng !\O She\Eng gave\Eng us\Eng a\Eng preview\Eng of\Eng the\Eng new\Eng #\O DCSuperheroGirls\Eng graphic\Eng novel\Eng тАж\O 
20\O ,@\O ThatKevinSmith\Eng @\O DCComics\Eng I\Eng bought\Eng @\O EW\Eng #\O Aquaman\Eng #\O Mera\Eng #\O magazine\Eng on\Eng cover\Eng @\O Safeway\Eng @\O SanFranPlaces\Eng ЁЯЩВ\EMT https\Eng ://\O t\Eng .\O co\Hin=рдХреЛ /\O SaNMZ4aebr\Hin=рд╕рдиреНрдореНрдЬрд╝реН4рдПрдмреНрд░ 
21\O ,\O RT\Eng @\O wharffrat\Eng :\O Today\Eng тАЩ\O s\Eng #\O ComicBook\Eng cache\Eng from\Eng #\O RayAndJudysBookStop\Eng for\Eng @\O wharffrat\Eng #\O Marvel\Eng #\O DC\Eng #\O Thor\Eng #\O StarWars\Eng #\O Lando\Eng #\O Mera\Hin=рдореЗрд░ #\O Raven\Eng #\O MarvelTwo\Eng тАж\O 
22\O ,"\O RT\Eng @\O StarLordSwanson\Eng :\O Amber\Eng Heard\Eng ЁЯШНЁЯШНЁЯШН\O 
#\O Aquaman\Eng #\O mera\Eng https\Eng ://\O t\Eng .\O co\Eng /\O yemXVoNpXj\Hin=рдпрд╛рдЗрдореНрдХреНрд╕реНрд╡реЛрдВрдкреНрдХреНрд╕реНрдЬреН "\O 
23\O ,"#\O mermaidmonday\Eng or\Eng #\O meraMonday\Hin=рдорд░рд╛рдордВрджрдп ...\O Who\Eng cares\Eng ?\O I\Eng have\Eng a\Eng #\O mermaid\Eng swimsuit\Eng by\Eng etherbloom\Eng 

#\O dc\Eng or\Eng #\O disney\Hin=рдбрд┐рд╕рдиреЗ #\O mera\Hin=рдореЗрд░ or\Eng тАж\O https\Eng ://\O t\Eng .\O co\Hin=рдХреЛ /\O G1cdMxmtGg\Eng "\O 
24\O ,@\O TimesNow\Eng chun\Eng chun\Hin=рдЪреБрди ke\Hin=рдХ marengai\Hin=рдорд░реЗрдВрдЧрд╛рдИ #\O Mera\Hin=рдореЗрд░ daish\Hin=рджрд┐рд╢ #\O Meri\Hin=рдореЗрд░реА army\Hin=рдЖрд░реНрдореА #\O u\Hin=рдЙ dare\Hin=рдбрд░реЗ @\O jai\Hin=рдЬрд╛рдИ hind\Hin=рд╣рд┐рдВрдж ki\Hin=рдХреА sena\Eng https\Eng ://\O t\Eng .\O co\Hin=рдХреЛ /\O EEuKAHB2Al\Hin=рдИрдпреВрдХрд╣реНрдмреН2рдЕрд▓ 
25\O ,"@\O INCIndia\Eng рдЕрдм\O рдЬрд┐рд╕\O рдЬрд┐рд╕\O рдХреЛ\O рдХреЛрдЗ\O рддрдХреНрд▓реАрдлрд╝\O рд╣реЛрдЧрд╛\O рд╡реЛ\O Pmo\Hin=рдкреНрдореЛ рдЬрд╛рдпреЗрдЧрд╛.рдУрд░\O рдЬрдм\O рд╡реЛрдЯ\O рдХрд╛\O time\Hin=рдЯрд╛рдЗрдо рдЖрдпреЗрдЧрд╛\O рддрдм\O рдиреЗрддрд╛\O рд╣рдорд╛рд░реЗ\O рдкрд╛рд╕\O рдЖрдпреЗрдВрдЧреЗ.\O 
#\O Bharat\Hin=рднрд╛рд░рдд ma\Hin=рдорд╛ тАж\O https\Eng ://\O t\Eng .\O co\Eng /\O SPQN34cPvz\Eng "\O 
26\O ,\O Mera\Hin=рдореЗрд░ vibes\Eng ЁЯМКЁЯМКЁЯМК\O #\O redhair\Eng #\O redhead\Eng #\O mera\Eng https\Eng ://\O t\Eng .\O co\Eng /\O 148PObi3Gg\Eng 
27\O ,"\O RT\Eng @\O comagaec\Eng :\O ┬б\O ATENCI\Hin=рдЕрдЯреЗрдВрдЪреА ├У\O N\Eng MUNICIPIOS\Eng !\O 
Este\Eng 27\O y\Eng 28\O de\Eng junio\Eng ,\O en\Eng el\Eng cant\Eng ├│\O n\Hin=рди #\O Mera\Hin=рдореЗрд░ se\Hin=рд╕реА dictar\Eng ├б\O el\Eng taller\Eng de\Eng ""\O Buenas\Eng pr\Eng ├б\O cticas\Eng de\Eng explotaci\Eng ├│\O n\Eng de\Hin=рджреЗ тАж"\O 
28\O ,"\O RT\Eng @\O SheaFontana\Eng :\O Look\Eng ,\O it's\Eng #\O DCSuperHeroGirls\Eng Legends\Eng of\Eng Atlantis\Eng !\O https\Eng ://\O t\Eng .\O co\Hin=рдХреЛ /\O fTaXKk1eTR\Hin=рдлрд╝реНрддреИрдХреНрд╕реНрдХреНрдХреН1рдПрдЯреНрд░ #\O mera\Hin=рдореЗрд░ #\O raven\Eng #\O wonderwoman\Eng #\O supergirl\Eng #\O Batgirl\Eng "\O 
29\O ,"\O RT\Eng @\O WeirdScienceDC\Eng :\O PREVIEW\Eng :\O Mera\Eng :\O Queen\Eng of\Eng Atlantis\Eng #5\O 
https\Eng ://\O t\Eng .\O co\Hin=рдХреЛ /\O YFPXdpZCIC\Eng 
@\O dccomics\Eng #\O aquaman\Eng #\O oceanmaster\Eng #\O mera\Eng #\O queenofatlantis\Eng #\O xeb\Eng тАж"\O 
30\O ,"\O When\Eng you\Eng тАЩ\O re\Hin=рд░реА just\Eng like\Eng no\Eng babe\Hin=рдмрд╛рдмреЗ ,\O I\Hin=рдЗ got\Eng dis\Hin=рджрд┐рд╕ ЁЯШМ\EMT #\O Mera\Hin=рдореЗрд░ https\Eng ://\O t\Eng .\O co\Hin=рдХреЛ /\O xKtlAQFyAZ\Hin=рдХреНрд╕реНрдХреНрддрд▓рд╛рдХрд╝реНрдлреНрдпрд╛рдЬрд╝ "\O 
31\O ,"\O RT\Eng @\O JubyHeadshot\Eng :\O Hello\Eng everybody\Hin=рдПрд╡реЗрд░рд┐рдмрдбреА !ЁЯТл\O 
Today\Eng I\Eng want\Eng to\Eng share\Eng with\Eng you\Eng another\Eng awesome\Eng Mera\Hin=рдореЗрд░ photo\Hin=рдлреЛрдЯреЛ made\Eng by\Eng @\O oriol\Eng _\O lamiel\Eng !ЁЯТп\O I\Eng love\Hin=рд▓рд╡ the\Eng colours\Eng o\Eng тАж"\O 
32\O ,"@\O KhanMobeena\Hin=рдЦрдирдореЛрдмреАрдирд╛ Khud\Hin=рдЦрд╣реБрдж pe\Hin=рдкреА #\O Naaz\Hin=рдирд╛рдЬрд╝ itna\Hin=рдЗрддреНрдирд╛ hai\Hin=рд╣реИрдВ k\Hin=рдХ kabhi\Hin=рдХрднреА #\O mur\Hin=рдореНрдпреВрд░ k\Hin=рдХ nahi\Hin=рдирд╛рд╣реА dekha\Hin=рджреЗрдЦрд╛ ЁЯШпЁЯШпЁЯШп\O 

Jissy\Hin=рдЬрд┐рдпрд╕реА keh\Hin=рдХрд╣ don\Hin=рджрд╛рди k\Hin=рдХ #\O Mera\Hin=рдореЗрд░ hai\Hin=рд╣реИрдВ #\O Usay\Hin=рдЙрд╕рд╛рдпреН hona\Hin=рд╣реЛрдирд╛ hi\Hin=рд╣реА parta\Hin=рдкрд░реНрддрд╛ hai\Hin=рд╣реИрдВ ....ЁЯСлЁЯТк"\O 
33\O ,"\O Today's\Eng Aquaman\Eng ЁЯФ▒\O 
#\O Aquaman\Eng #\O KingOfAtlantis\Eng #\O JasonMomoa\Eng #\O JusticeLeague\Eng #\O AmnestyBay\Eng #\O Maine\Hin=рдореИрдВрдиреЗ #\O Mera\Hin=рдореЗрд░ https\Eng ://\O t\Eng .\O co\Hin=рдХреЛ /\O G0Q3TgranJ\Hin=рдЧреН0рдХрд╝реН3рддреНрдЧреНрд░рд╛рдВрдЬ "\O 
34\O ,\O RT\Eng @\O CinemarkChile\Eng :\O NOTHING\Eng BUT\Hin=рдмреБрдд RESPECT\Hin=рд░рд┐рд╕рдкреЗрдХреНрдЯ FOR\Hin=рдлреЙрд░ MY\Hin=рдореА QUEEN\Hin=рдХреНрд╡рд┐рдЕрдиреН #\O MERA\Hin=рдореЗрд░ ЁЯМКЁЯСС\O https\Eng ://\O t\Eng .\O co\Eng /\O vjI4B5Y6N5\Eng 
35\O ,\O RT\Eng @\O TVandMovieDream\Eng :\O #\O DC\Eng edition\Eng for\Eng #\O wcw\Eng #\O WomanCrushWednesday\Eng #\O MargotRobbie\Eng #\O HarleyQuinn\Eng #\O SuicideSquad\Eng #\O AmberHeard\Eng #\O Mera\Eng #\O Aquaman\Hin=рдПрдХреНрд╡рд╛рдорди #\O GalGado\Hin=рдЧрд▓рдЧрдбрд╝реЛ тАж\O 
36\O ,"\O PREVIEW\Eng :\O Mera\Eng :\O Queen\Eng of\Eng Atlantis\Eng #5\O 
https\Eng ://\O t\Eng .\O co\Hin=рдХреЛ /\O YFPXdpZCIC\Eng 
@\O dccomics\Eng #\O aquaman\Eng #\O oceanmaster\Eng #\O mera\Eng #\O queenofatlantis\Eng тАж\O https\Eng ://\O t\Eng .\O co\Eng /\O 1GRWHdfDR6\Eng "\O 
37\O ,"\O RT\Eng @\O worldofmera\Eng :\O When\Eng you\Eng тАЩ\O re\Hin=рд░реА just\Eng like\Eng no\Eng babe\Hin=рдмрд╛рдмреЗ ,\O I\Hin=рдЗ got\Eng dis\Hin=рджрд┐рд╕ ЁЯШМ\EMT #\O Mera\Hin=рдореЗрд░ https\Eng ://\O t\Eng .\O co\Hin=рдХреЛ /\O xKtlAQFyAZ\Hin=рдХреНрд╕реНрдХреНрддрд▓рд╛рдХрд╝реНрдлреНрдпрд╛рдЬрд╝ "\O 
38\O ,"\O RT\Eng @\O worldofmera\Eng :\O Gotta\Eng love\Eng a\Eng girl\Eng who\Eng loves\Eng a\Eng challenge\Hin=рдЪрд▓реЗрдВрдЧреЗ ,\O #\O MERA\Hin=рдореЗрд░ https\Eng ://\O t\Eng .\O co\Eng /\O cPLOMIqGCN\Eng "\O 
39\O ,\O dccomics\Eng PT2\Eng #\O terrifics\Eng #\O hellblazer\Eng #\O mera\Eng #\O meraqueenofatlantis\Eng #\O silencer\Eng #\O raven\Eng #\O newcomics\Eng #\O nerd\Eng #\O comicbooknerd\Eng тАж\O https\Eng ://\O t\Eng .\O co\Eng /\O 1UvwGJ1k3S\Eng 
40\O ,"\O Before\Eng #\O Batman\Eng and\Eng #\O Catwoman\Eng were\Eng making\Eng weddings\Eng cool\Eng #\O Aquaman\Eng was\Eng getting\Eng hitched\Eng to\Eng #\O Mera\Hin=рдореЗрд░ 
@\O DCComics\Eng тАж\O https\Eng ://\O t\Eng .\O co\Hin=рдХреЛ /\O 0hfLglLq8H\Hin=0рд╣реНрдлреНрд▓реНрдЧреНрд▓реНрд▓реНрдХрд╝реН8 "\O 
41\O ,"\O RT\Eng @\O premj77\Eng :\O #\O WW84\Eng set\Eng video\Eng ЁЯШ▒ЁЯШ▒ЁЯШ▒ЁЯШ▒ЁЯШ▒\O 

#\O dc\Eng #\O dceu\Eng #\O dccomics\Eng #\O comics\Eng #\O batman\Eng #\O superman\Eng #\O wonderwoman\Eng #\O wonderwoman2\Eng #\O aquaman\Eng #\O arrow\Eng #\O theflash\Eng #\O go\Eng тАж"\O 
42\O ,"\O Look\Eng ,\O it's\Eng #\O DCSuperHeroGirls\Eng Legends\Eng of\Eng Atlantis\Eng !\O https\Eng ://\O t\Eng .\O co\Hin=рдХреЛ /\O fTaXKk1eTR\Hin=рдлрд╝реНрддреИрдХреНрд╕реНрдХреНрдХреН1рдПрдЯреНрд░ #\O mera\Hin=рдореЗрд░ #\O raven\Eng #\O wonderwoman\Eng #\O supergirl\Eng #\O Batgirl\Eng "\O 
43\O ,"""\O The\Eng beauty\Eng of\Eng the\Eng calm\Eng often\Eng belies\Eng the\Eng oncoming\Eng storm\Eng .\O You\Eng would\Eng do\Eng well\Eng to\Eng prepare\Eng yourself\Eng for\Eng both\Eng .""\O 
.\O 
Cosplay\Eng тАж\O https\Eng ://\O t\Eng .\O co\Eng /\O dRPxpCXZlb\Eng "\O 
44\O ,"\O RT\Eng @\O CBNostalgia\Eng :\O Today\Eng in\Eng #\O DCComics\Eng History\Eng ,\O the\Eng underwater\Eng wedding\Eng of\Eng the\Eng century\Eng !\O #\O Aquaman\Eng and\Eng #\O Mera\Hin=рдореЗрд░ get\Eng married\Eng .\O https\Eng ://\O t\Eng .\O co\Hin=рдХреЛ /\O adt50LmhOD\Hin=рдЕрдбреНрддреН50рд▓реНрдореНрд╣реЛрдбрд╝ "\O 
45\O ,\O Abnett\Eng needs\Eng to\Eng explain\Eng why\Eng #\O Mera\Eng isn't\Eng even\Eng the\Eng main\Eng focus\Eng of\Eng her\Eng own\Eng solo\Eng comic\Eng &\O amp\Eng ;\O #\O WTF\Eng is\Eng wrong\Eng #\O Aquaman\Eng ?\O https\Eng ://\O t\Eng .\O co\Hin=рдХреЛ /\O hbxYZMi6AJ\Hin=рд╣реНрдмреНрдХреНрд╕реНрдпреНрдЬрд╝рдорд┐6рдЕрдЬ 
46\O ,\O Today\Eng тАЩ\O s\Eng #\O ComicBook\Eng cache\Eng from\Eng #\O RayAndJudysBookStop\Eng for\Eng @\O wharffrat\Eng #\O Marvel\Eng #\O DC\Eng #\O Thor\Eng #\O StarWars\Eng #\O Lando\Eng #\O Mera\Hin=рдореЗрд░ #\O Raven\Eng тАж\O https\Eng ://\O t\Eng .\O co\Eng /\O IyCH4yWmmD\Eng 
47\O ,"\O We\Eng have\Eng 1\O month\Eng left\Eng to\Eng wait\Eng for\Eng the\Eng #\O Aquaman\Eng trailer\Eng to\Eng be\Eng released\Eng at\Eng San\Eng Diego's\Eng @\O Comic\Eng _\O Con\Eng ,\O so\Eng here's\Eng a\Eng newly\Eng r\Eng тАж\O https\Eng ://\O t\Eng .\O co\Eng /\O NJ1YbyEWC9\Eng "\O 
48\O ,"\O Preview\Eng de\Eng Mera\Hin=рдореЗрд░ :\O Queen\Eng of\Eng Atlantis\Eng #5\O par\Hin=рдкреНрдпрд╛рд░ Dan\Hin=рджрди Abnett\Eng (@\O vincentabnet\Eng ),\O Lan\Hin=рд▓рд╛рди Medina\Eng ,\O @\O NormRapmund\Eng et\Eng @\O VeronicaGandini\Eng тАж\O https\Eng ://\O t\Eng .\O co\Hin=рдХреЛ /\O 3u9hD9jTmy\Eng "\O 
49\O ,"\O Today's\Eng Aquaman\Eng ЁЯФ▒\O 
#\O Aquaman\Eng #\O KingOfAtlantis\Eng #\O JasonMomoa\Eng #\O JusticeLeague\Eng #\O AmnestyBay\Eng #\O Maine\Hin=рдореИрдВрдиреЗ #\O Mera\Hin=рдореЗрд░ https\Eng ://\O t\Eng .\O co\Eng /\O 2YOkWh0yDS\Eng "\O 
50\O ,\O RT\Eng @\O kittystavern\Eng :\O My\Eng #\O GWKA\Eng #\O NewComicBookDay\Eng picks\Eng for\Eng this\Eng week\Eng .\O #\O DC\Eng #\O Batgirl\Eng #\O Mera\Eng #\O QueenofAtlantis\Eng #\O MotherPanic\Eng #\O GothamAD\Eng #\O ncbd\Eng https\Eng ://\O t\Eng тАж\O 
51\O ,"\O RT\Eng @\O Dommnics\Eng :\O I'm\Eng hearing\Eng the\Eng whispers\Eng of\Eng an\Eng Aquaman\Eng trailer\Eng next\Eng month\Eng ...\O Bring\Eng it\Eng on\Eng @\O creepypuppet\Eng @\O realamberheard\Eng 
#\O aquaman\Eng #\O dc\Eng #\O arthurc\Eng тАж"\O 
52\O ,"@\O DCComics\Eng @\O VincentAbnett\Eng @\O HerCapeFS\Eng Sorry\Eng ,\O but\Eng I\Eng have\Eng to\Eng comment\Eng .\O I\Eng wish\Eng anything\Eng involving\Eng #\O Mera\Eng &\O amp\Eng ;\O #\O Aquaman\Eng well\Eng .тАж\O https\Eng ://\O t\Eng .\O co\Eng /\O jj3XKS8wRp\Eng "\O 
53\O ,#\O DC\Eng edition\Eng for\Eng #\O wcw\Eng #\O WomanCrushWednesday\Eng #\O MargotRobbie\Eng #\O HarleyQuinn\Eng #\O SuicideSquad\Eng #\O AmberHeard\Eng #\O Mera\Eng #\O Aquaman\Eng тАж\O https\Eng ://\O t\Eng .\O co\Hin=рдХреЛ /\O 3QUnHrqqhj\Hin=3рдХрд╝реБрдиреНрд╣реНрд░реНрдХрд╝реНрдХрд╝реНрдЬ 
54\O ,@\O askGST\Eng _\O GoI\Eng @\O askGSTech\Eng @_\O DigitalIndia\Eng @\O narendramodi\Hin=рдирд░реЗрдВрджреНрд░рдореЛрджреА @\O FinMinIndia\Hin=рдлрд┐рдиреНрдорд┐рдирд┐рдВрджрд┐рдпрд╛ @\O GST\Eng _\O Council\Eng 3\O grievances\Eng raised\Eng from\Eng Feb\Eng 2018\O to\Eng тАж\O https\Eng ://\O t\Eng .\O co\Hin=рдХреЛ /\O aephaG5ibA\Hin=рдПрдлрд┐рдЧреН5рдЗрдмрд╛ 
55\O ,\O My\Hin=рдореА #\O GWKA\Eng #\O NewComicBookDay\Eng picks\Eng for\Eng this\Eng week\Eng .\O #\O DC\Eng #\O Batgirl\Eng #\O Mera\Eng #\O QueenofAtlantis\Eng #\O MotherPanic\Eng #\O GothamAD\Eng #\O ncbd\Eng https\Eng ://\O t\Eng .\O co\Eng /\O ePIayc795p\Eng 
56\O ,"\O RT\Eng @\O premj77\Eng :\O @\O creepypuppet\Eng uploaded\Eng this\Eng look\Eng at\Eng the\Eng background\Eng 
#\O dc\Eng #\O dceu\Eng #\O dccomics\Eng #\O comics\Eng #\O batman\Eng #\O superman\Eng #\O wonderwoman\Eng #\O wonderwoman2\Eng #тАж"\O 
57\O ,"\O Me\Eng #\O sngl\Hin=рд╕реНMрдЧреНрд▓ hon\Hin=рд╣реЛрдВ ЁЯШСЁЯШТ\O 

Is\Hin=рдЗрд╕ post\Hin=рдкреЛрд╕реНрдЯ ko\Hin=рдХреЛ itna\Hin=рдЗрддреНрдирд╛ #\O share\Hin=рд╢рд╛рд░реЗ karin\Hin=рдХрд░реАрди k\Hin=рдХ sab\Hin=рд╕рдм #\O larkiyon\Hin=рд▓рд╛рд░реНрдХрд┐рдпреЛрдВ tak\Hin=рддрдХ ye\Hin=рдпреЗ baat\Hin=рдмрд╛рдд #\O pohnch\Hin=рдкрд╣реНzрдЪ jay\Hin=рдЬрдп ЁЯШНЁЯШЖ\O 

Or\Hin=рдФрд░ #\O mera\Hin=рдореЗрд░ bhi\Hin=рднрд╣реА koi\Hin=рдХреЛрдИ #\O scene\Eng bn\Hin=рдмреНрди jay\Hin=рдЬрдп ЁЯШТЁЯШВЁЯШВ"\O 
58\O ,\O Comic\Eng Review\Eng :\O Mera\Eng :\O Queen\Eng of\Eng Atlantis\Eng #5\O (\O DC\Eng Comics\Eng )\O https\Eng ://\O t\Eng .\O co\Hin=рдХреЛ /\O 3PHz7fqOlI\Eng @\O DCComics\Eng @\O VincentAbnett\Eng #\O Mera\Eng #\O Aquaman\Eng https\Eng ://\O t\Eng .\O co\Hin=рдХреЛ /\O jZpprKhVvK\Hin=рдЬреНрдЬреНрдкреНрдкреНрд░рдЦреНрд╡реНрд╡реНрдХ 
